-- noinspection SqlNoDataSourceInspectionForFile
INSERT INTO customer(id, customerId, name, email) VALUES (1, 'c1', 'Cally Reynolds', 'penatibus.et@lectusa.com');
INSERT INTO customer(id, customerId, name, email) VALUES (2, 'c2', 'Sydney Bartlett', 'nibh@ultricesposuere.edu');
INSERT INTO customer(id, customerId, name, email) VALUES (3, 'c3', 'Hunter Newton', 'quam.quis.diam@facilisisfacilisis.org');
INSERT INTO productsale(id, sku, name, total) VALUES (4, 'KE001', 'K-Eco phone charger', 13.85);
INSERT INTO productsale(id, sku, name, total) VALUES (5, 'KE13W04', 'K-Eco Energy Bulbs 13W (4-pack)', 6.55);
INSERT INTO productsale(id, sku, name, total) VALUES (6, 'KE001', 'K-Eco phone charger', 13.85);
INSERT INTO productsale(id, sku, name, total) VALUES (7, 'KE325','K-Eco 325', 568.75);
INSERT INTO productsale(id, sku, name, total) VALUES (8, 'KE13W', 'K-Eco Energy Bulbs 13W', 2.24);
INSERT INTO productsale(id, sku, name, total) VALUES (9, 'KE275','K-Eco 275', 481.25);
INSERT INTO productsale(id, sku, name, total) VALUES (10, 'KE300','K-Eco 300', 525.00);
INSERT INTO customersale(id, customer_id) VALUES (11, 1);
INSERT INTO customersale(id, customer_id) VALUES (12, 2);
INSERT INTO customersale(id, customer_id) VALUES (13, 3);
INSERT INTO customersale_productsale(customersale_id, productsale_id) VALUES (11, 4);
INSERT INTO customersale_productsale(customersale_id, productsale_id) VALUES (11, 5);
INSERT INTO customersale_productsale(customersale_id, productsale_id) VALUES (12, 6);
INSERT INTO customersale_productsale(customersale_id, productsale_id) VALUES (12, 7);
INSERT INTO customersale_productsale(customersale_id, productsale_id) VALUES (13, 8);
INSERT INTO customersale_productsale(customersale_id, productsale_id) VALUES (13, 9);
INSERT INTO customersale_productsale(customersale_id, productsale_id) VALUES (13, 10);